{"enfermedadMaternidad":-29.02108,"invalidezVida":9.5000000,"retiro":0.00,"cesantía":17.1000000,"infonavit":0.00}